i,j,Longtitude,Latitude,Sealevel,UpCont,Code,Error
2974,2707,99.116667,-0.216667,-49,-46.366342,13,212
2975,2707,99.15,-0.216667,-49,-45.723999,13,212
2976,2707,99.183333,-0.216667,-48,-44.740272,888,-888
2977,2707,99.216667,-0.216667,-47,-43.415386,108,100
2978,2707,99.25,-0.216667,-45,-41.793748,108,100
2979,2707,99.283333,-0.216667,-43,-39.839538,108,100
2980,2707,99.316667,-0.216667,-40,-37.553745,108,100
2981,2707,99.35,-0.216667,-37,-35.051512,108,100
2982,2707,99.383333,-0.216667,-34,-32.443484,108,100
2983,2707,99.416667,-0.216667,-31,-29.703664,108,100
2984,2707,99.45,-0.216667,-28,-26.750746,108,100
2985,2707,99.483333,-0.216667,-24,-23.609998,108,100
2986,2707,99.516667,-0.216667,-21,-20.36903,108,100
2987,2707,99.55,-0.216667,-18,-16.9106,108,100
2988,2707,99.583333,-0.216667,-14,-12.874187,108,100
2989,2707,99.616667,-0.216667,-8,-8.133089,108,100
2990,2707,99.65,-0.216667,-1,-2.911126,108,100
2991,2707,99.683333,-0.216667,6,2.553424,108,100
2992,2707,99.716667,-0.216667,13,8.089747,108,100
2993,2707,99.75,-0.216667,20,13.467445,108,100
2994,2707,99.783333,-0.216667,26,18.342427,108,100
2995,2707,99.816667,-0.216667,31,22.487543,108,100
2996,2707,99.85,-0.216667,35,25.829052,108,100
2997,2707,99.883333,-0.216667,37,27.987501,108,100
2998,2707,99.916667,-0.216667,38,28.727855,108,100
2999,2707,99.95,-0.216667,36,28.277775,108,100
3000,2707,99.983333,-0.216667,33,26.981248,108,100
3001,2707,100.016667,-0.216667,29,25.33287,108,100
3002,2707,100.05,-0.216667,26,23.788481,108,100
3003,2707,100.083333,-0.216667,24,22.613042,108,100
3004,2707,100.116667,-0.216667,23,21.882845,108,100
3005,2707,100.15,-0.216667,22,21.557033,108,100
3006,2707,100.183333,-0.216667,22,21.560511,108,100
3007,2707,100.216667,-0.216667,22,21.804151,108,100
3008,2707,100.25,-0.216667,23,22.173107,108,100
3009,2707,100.283333,-0.216667,23,22.57179,108,100
3010,2707,100.316667,-0.216667,23,22.988451,108,100
3011,2707,100.35,-0.216667,24,23.460048,108,100
3012,2707,100.383333,-0.216667,24,23.969547,108,100
3013,2707,100.416667,-0.216667,99999,24.448565,108,100
3014,2707,100.45,-0.216667,99999,24.868965,108,100
3015,2707,100.483333,-0.216667,99999,25.232154,108,100
3016,2707,100.516667,-0.216667,99999,25.507907,108,100
3017,2707,100.55,-0.216667,99999,25.640771,108,100
3018,2707,100.583333,-0.216667,99999,25.588961,108,100
2974,2706,99.116667,-0.183333,-47,-44.520005,13,212
2975,2706,99.15,-0.183333,-46,-43.709112,13,212
2976,2706,99.183333,-0.183333,-45,-42.667999,888,-888
2977,2706,99.216667,-0.183333,-44,-41.373196,108,100
2978,2706,99.25,-0.183333,-43,-39.85011,108,100
2979,2706,99.283333,-0.183333,-41,-38.034649,108,100
2980,2706,99.316667,-0.183333,-38,-35.857202,108,100
2981,2706,99.35,-0.183333,-35,-33.393941,108,100
2982,2706,99.383333,-0.183333,-32,-30.766362,108,100
2983,2706,99.416667,-0.183333,-29,-27.962535,108,100
2984,2706,99.45,-0.183333,-26,-24.925247,108,100
2985,2706,99.483333,-0.183333,-22,-21.706512,108,100
2986,2706,99.516667,-0.183333,-19,-18.427264,108,100
2987,2706,99.55,-0.183333,-16,-15.014254,108,100
2988,2706,99.583333,-0.183333,-12,-11.096141,108,100
2989,2706,99.616667,-0.183333,-6,-6.485042,108,100
2990,2706,99.65,-0.183333,0,-1.372438,108,100
2991,2706,99.683333,-0.183333,7,3.997856,108,100
2992,2706,99.716667,-0.183333,14,9.436159,108,100
2993,2706,99.75,-0.183333,21,14.713961,108,100
2994,2706,99.783333,-0.183333,27,19.54775,108,100
2995,2706,99.816667,-0.183333,32,23.772222,108,100
2996,2706,99.85,-0.183333,36,27.193863,108,100
2997,2706,99.883333,-0.183333,39,29.367323,108,100
2998,2706,99.916667,-0.183333,40,30.097588,108,100
2999,2706,99.95,-0.183333,38,29.505356,108,100
3000,2706,99.983333,-0.183333,34,27.945658,108,100
3001,2706,100.016667,-0.183333,30,26.06228,108,100
3002,2706,100.05,-0.183333,26,24.381202,108,100
3003,2706,100.083333,-0.183333,24,23.170993,108,100
3004,2706,100.116667,-0.183333,23,22.486357,108,100
3005,2706,100.15,-0.183333,22,22.248595,108,100
3006,2706,100.183333,-0.183333,22,22.339127,108,100
3007,2706,100.216667,-0.183333,23,22.64095,108,100
3008,2706,100.25,-0.183333,23,23.033417,108,100
3009,2706,100.283333,-0.183333,24,23.42885,108,100
3010,2706,100.316667,-0.183333,24,23.829335,108,100
3011,2706,100.35,-0.183333,24,24.287271,108,100
3012,2706,100.383333,-0.183333,99999,24.803411,108,100
3013,2706,100.416667,-0.183333,99999,25.316013,108,100
3014,2706,100.45,-0.183333,99999,25.777781,108,100
3015,2706,100.483333,-0.183333,99999,26.176852,108,100
3016,2706,100.516667,-0.183333,99999,26.48621,108,100
3017,2706,100.55,-0.183333,99999,26.64841,108,100
3018,2706,100.583333,-0.183333,99999,26.620194,108,100
2974,2705,99.116667,-0.15,-45,-42.817936,13,212
2975,2705,99.15,-0.15,-44,-41.860991,888,-888
2976,2705,99.183333,-0.15,-43,-40.740366,888,-888
2977,2705,99.216667,-0.15,-42,-39.464716,108,100
2978,2705,99.25,-0.15,-40,-38.021575,108,100
2979,2705,99.283333,-0.15,-39,-36.333084,108,100
2980,2705,99.316667,-0.15,-37,-34.307011,108,100
2981,2705,99.35,-0.15,-34,-31.952989,108,100
2982,2705,99.383333,-0.15,-31,-29.332153,108,100
2983,2705,99.416667,-0.15,-28,-26.469892,108,100
2984,2705,99.45,-0.15,-24,-23.367117,108,100
2985,2705,99.483333,-0.15,-20,-20.07851,108,100
2986,2705,99.516667,-0.15,-17,-16.71512,108,100
2987,2705,99.55,-0.15,-14,-13.277043,108,100
2988,2705,99.583333,-0.15,-10,-9.500562,108,100
2989,2705,99.616667,-0.15,-5,-5.120041,108,100
2990,2705,99.65,-0.15,1,-0.203274,108,100
2991,2705,99.683333,-0.15,8,4.997427,108,100
2992,2705,99.716667,-0.15,14,10.260267,108,100
2993,2705,99.75,-0.15,20,15.371576,108,100
2994,2705,99.783333,-0.15,26,20.11044,108,100
2995,2705,99.816667,-0.15,31,24.318663,108,100
2996,2705,99.85,-0.15,36,27.661238,108,100
2997,2705,99.883333,-0.15,39,29.759831,108,100
2998,2705,99.916667,-0.15,40,30.469335,108,100
2999,2705,99.95,-0.15,37,29.801698,108,100
3000,2705,99.983333,-0.15,33,28.148343,108,100
3001,2705,100.016667,-0.15,29,26.203952,108,100
3002,2705,100.05,-0.15,25,24.550538,108,100
3003,2705,100.083333,-0.15,23,23.469969,108,100
3004,2705,100.116667,-0.15,23,22.968382,108,100
3005,2705,100.15,-0.15,23,22.901907,108,100
3006,2705,100.183333,-0.15,23,23.117449,108,100
3007,2705,100.216667,-0.15,23,23.490499,108,100
3008,2705,100.25,-0.15,24,23.912334,108,100
3009,2705,100.283333,-0.15,24,24.320262,108,100
3010,2705,100.316667,-0.15,25,24.729686,108,100
3011,2705,100.35,-0.15,25,25.196874,108,100
3012,2705,100.383333,-0.15,99999,25.730379,108,100
3013,2705,100.416667,-0.15,99999,26.274681,108,100
3014,2705,100.45,-0.15,99999,26.778057,108,100
3015,2705,100.483333,-0.15,99999,27.219768,108,100
3016,2705,100.516667,-0.15,99999,27.569445,108,100
3017,2705,100.55,-0.15,99999,27.768814,108,100
3018,2705,100.583333,-0.15,99999,27.7714,108,100
2974,2704,99.116667,-0.116667,-43,-41.193001,13,212
2975,2704,99.15,-0.116667,-42,-40.088984,888,-888
2976,2704,99.183333,-0.116667,-41,-38.904063,108,100
2977,2704,99.216667,-0.116667,-40,-37.650026,108,100
2978,2704,99.25,-0.116667,-39,-36.290214,108,100
2979,2704,99.283333,-0.116667,-37,-34.73216,108,100
2980,2704,99.316667,-0.116667,-36,-32.872394,108,100
2981,2704,99.35,-0.116667,-33,-30.655809,108,100
2982,2704,99.383333,-0.116667,-30,-28.067307,108,100
2983,2704,99.416667,-0.116667,-27,-25.170454,108,100
2984,2704,99.45,-0.116667,-23,-22.037265,108,100
2985,2704,99.483333,-0.116667,-19,-18.718135,108,100
2986,2704,99.516667,-0.116667,-15,-15.27517,108,100
2987,2704,99.55,-0.116667,-11,-11.754718,108,100
2988,2704,99.583333,-0.116667,-8,-8.068841,108,100
2989,2704,99.616667,-0.116667,-4,-3.943286,108,100
2990,2704,99.65,-0.116667,1,0.723929,108,100
2991,2704,99.683333,-0.116667,8,5.725871,108,100
2992,2704,99.716667,-0.116667,14,10.809162,108,100
2993,2704,99.75,-0.116667,20,15.758719,108,100
2994,2704,99.783333,-0.116667,25,20.375035,108,100
2995,2704,99.816667,-0.116667,30,24.427233,108,100
2996,2704,99.85,-0.116667,34,27.583719,108,100
2997,2704,99.883333,-0.116667,37,29.550323,108,100
2998,2704,99.916667,-0.116667,37,30.174558,108,100
2999,2704,99.95,-0.116667,35,29.495193,108,100
3000,2704,99.983333,-0.116667,31,27.894461,108,100
3001,2704,100.016667,-0.116667,27,26.038806,108,100
3002,2704,100.05,-0.116667,24,24.558178,108,100
3003,2704,100.083333,-0.116667,23,23.744062,108,100
3004,2704,100.116667,-0.116667,23,23.526252,108,100
3005,2704,100.15,-0.116667,23,23.681646,108,100
3006,2704,100.183333,-0.116667,24,24.031323,108,100
3007,2704,100.216667,-0.116667,24,24.464031,108,100
3008,2704,100.25,-0.116667,25,24.902402,108,100
3009,2704,100.283333,-0.116667,25,25.318548,108,100
3010,2704,100.316667,-0.116667,26,25.739485,108,100
3011,2704,100.35,-0.116667,99999,26.213229,108,100
3012,2704,100.383333,-0.116667,99999,26.751788,108,100
3013,2704,100.416667,-0.116667,99999,27.313268,108,100
3014,2704,100.45,-0.116667,99999,27.850521,108,100
3015,2704,100.483333,-0.116667,99999,28.337339,108,100
3016,2704,100.516667,-0.116667,99999,28.736003,108,100
3017,2704,100.55,-0.116667,99999,28.984819,108,100
3018,2704,100.583333,-0.116667,99999,29.033032,108,100
2974,2703,99.116667,-0.083333,-41,-39.606986,13,212
2975,2703,99.15,-0.083333,-40,-38.344854,888,-888
2976,2703,99.183333,-0.083333,-39,-37.075351,108,100
2977,2703,99.216667,-0.083333,-37,-35.835917,108,100
2978,2703,99.25,-0.083333,-37,-34.569757,108,100
2979,2703,99.283333,-0.083333,-35,-33.155709,108,100
2980,2703,99.316667,-0.083333,-34,-31.470905,108,100
2981,2703,99.35,-0.083333,-32,-29.432705,108,100
2982,2703,99.383333,-0.083333,-29,-26.980051,108,100
2983,2703,99.416667,-0.083333,-25,-24.138029,108,100
2984,2703,99.45,-0.083333,-22,-21.009347,108,100
2985,2703,99.483333,-0.083333,-18,-17.673395,108,100
2986,2703,99.516667,-0.083333,-14,-14.170032,108,100
2987,2703,99.55,-0.083333,-10,-10.559981,108,100
2988,2703,99.583333,-0.083333,-6,-6.850649,108,100
2989,2703,99.616667,-0.083333,-3,-2.866791,108,100
2990,2703,99.65,-0.083333,2,1.560454,108,100
2991,2703,99.683333,-0.083333,8,6.354015,108,100
2992,2703,99.716667,-0.083333,14,11.283206,108,100
2993,2703,99.75,-0.083333,20,16.113751,108,100
2994,2703,99.783333,-0.083333,25,20.615088,108,100
2995,2703,99.816667,-0.083333,30,24.486531,108,100
2996,2703,99.85,-0.083333,33,27.470122,108,100
2997,2703,99.883333,-0.083333,35,29.342071,108,100
2998,2703,99.916667,-0.083333,35,29.927574,108,100
2999,2703,99.95,-0.083333,33,29.292587,108,100
3000,2703,99.983333,-0.083333,29,27.784992,108,100
3001,2703,100.016667,-0.083333,25,26.058231,108,100
3002,2703,100.05,-0.083333,22,24.80818,108,100
3003,2703,100.083333,-0.083333,22,24.320579,108,100
3004,2703,100.116667,-0.083333,23,24.407827,108,100
3005,2703,100.15,-0.083333,24,24.766276,108,100
3006,2703,100.183333,-0.083333,25,25.214177,108,100
3007,2703,100.216667,-0.083333,25,25.669123,108,100
3008,2703,100.25,-0.083333,26,26.092038,108,100
3009,2703,100.283333,-0.083333,26,26.481169,108,100
3010,2703,100.316667,-0.083333,27,26.874667,108,100
3011,2703,100.35,-0.083333,99999,27.326654,108,100
3012,2703,100.383333,-0.083333,99999,27.856054,108,100
3013,2703,100.416667,-0.083333,99999,28.428945,108,100
3014,2703,100.45,-0.083333,99999,28.997749,108,100
3015,2703,100.483333,-0.083333,99999,29.531002,108,100
3016,2703,100.516667,-0.083333,99999,29.9878,108,100
3017,2703,100.55,-0.083333,99999,30.303481,108,100
3018,2703,100.583333,-0.083333,99999,30.423442,108,100
2974,2702,99.116667,-0.05,-39,-38.187085,13,212
2975,2702,99.15,-0.05,-37,-36.757921,888,-888
2976,2702,99.183333,-0.05,-36,-35.378848,108,100
2977,2702,99.216667,-0.05,-35,-34.134964,108,100
2978,2702,99.25,-0.05,-34,-32.952783,108,100
2979,2702,99.283333,-0.05,-34,-31.667251,108,100
2980,2702,99.316667,-0.05,-32,-30.132204,108,100
2981,2702,99.35,-0.05,-31,-28.284554,108,100
2982,2702,99.383333,-0.05,-29,-26.07103,108,100
2983,2702,99.416667,-0.05,-26,-23.425787,108,100
2984,2702,99.45,-0.05,-22,-20.383996,108,100
2985,2702,99.483333,-0.05,-18,-17.066807,108,100
2986,2702,99.516667,-0.05,-13,-13.546433,108,100
2987,2702,99.55,-0.05,-9,-9.869257,108,100
2988,2702,99.583333,-0.05,-5,-6.057116,108,100
2989,2702,99.616667,-0.05,-1,-2.057706,108,100
2990,2702,99.65,-0.05,3,2.225002,108,100
2991,2702,99.683333,-0.05,8,6.839452,108,100
2992,2702,99.716667,-0.05,14,11.663148,108,100
2993,2702,99.75,-0.05,20,16.451669,108,100
2994,2702,99.783333,-0.05,25,20.91626,108,100
2995,2702,99.816667,-0.05,29,24.737981,108,100
2996,2702,99.85,-0.05,33,27.688947,108,100
2997,2702,99.883333,-0.05,35,29.575935,108,100
2998,2702,99.916667,-0.05,34,30.253696,108,100
2999,2702,99.95,-0.05,32,29.773679,108,100
3000,2702,99.983333,-0.05,29,28.434151,108,100
3001,2702,100.016667,-0.05,24,26.87391,108,100
3002,2702,100.05,-0.05,22,25.835234,108,100
3003,2702,100.083333,-0.05,23,25.591592,108,100
3004,2702,100.116667,-0.05,24,25.860456,108,100
3005,2702,100.15,-0.05,26,26.293307,108,100
3006,2702,100.183333,-0.05,26,26.734264,108,100
3007,2702,100.216667,-0.05,27,27.14055,108,100
3008,2702,100.25,-0.05,28,27.498839,108,100
3009,2702,100.283333,-0.05,28,27.815899,108,100
3010,2702,100.316667,-0.05,99999,28.138878,108,100
3011,2702,100.35,-0.05,99999,28.534268,108,100
3012,2702,100.383333,-0.05,99999,29.032301,108,100
3013,2702,100.416667,-0.05,99999,29.604804,108,100
3014,2702,100.45,-0.05,99999,30.19745,108,100
3015,2702,100.483333,-0.05,99999,30.775517,108,100
3016,2702,100.516667,-0.05,99999,31.3049,108,100
3017,2702,100.55,-0.05,99999,31.720825,108,100
3018,2702,100.583333,-0.05,99999,31.955167,108,100
2974,2701,99.116667,-0.016667,-38,-37.195883,888,-888
2975,2701,99.15,-0.016667,-36,-35.5887,888,-888
2976,2701,99.183333,-0.016667,-34,-34.085893,108,100
2977,2701,99.216667,-0.016667,-33,-32.779989,108,100
2978,2701,99.25,-0.016667,-33,-31.609593,108,100
2979,2701,99.283333,-0.016667,-32,-30.39153,108,100
2980,2701,99.316667,-0.016667,-31,-28.953466,108,100
2981,2701,99.35,-0.016667,-30,-27.247057,108,100
2982,2701,99.383333,-0.016667,-28,-25.2567,108,100
2983,2701,99.416667,-0.016667,-26,-22.873765,108,100
2984,2701,99.45,-0.016667,-22,-20.031699,108,100
2985,2701,99.483333,-0.016667,-18,-16.85398,108,100
2986,2701,99.516667,-0.016667,-14,-13.445463,108,100
2987,2701,99.55,-0.016667,-10,-9.795544,108,100
2988,2701,99.583333,-0.016667,-5,-5.894964,108,100
2989,2701,99.616667,-0.016667,-1,-1.778157,108,100
2990,2701,99.65,-0.016667,3,2.520299,108,100
2991,2701,99.683333,-0.016667,8,7.071451,108,100
2992,2701,99.716667,-0.016667,14,11.868204,108,100
2993,2701,99.75,-0.016667,20,16.714784,108,100
2994,2701,99.783333,-0.016667,25,21.29934,108,100
2995,2701,99.816667,-0.016667,30,25.261872,108,100
2996,2701,99.85,-0.016667,33,28.356638,108,100
2997,2701,99.883333,-0.016667,35,30.431137,108,100
2998,2701,99.916667,-0.016667,35,31.382889,108,100
2999,2701,99.95,-0.016667,34,31.237581,108,100
3000,2701,99.983333,-0.016667,31,30.243487,108,100
3001,2701,100.016667,-0.016667,27,28.967846,108,100
3002,2701,100.05,-0.016667,25,28.086012,108,100
3003,2701,100.083333,-0.016667,26,27.856189,108,100
3004,2701,100.116667,-0.016667,27,28.036005,108,100
3005,2701,100.15,-0.016667,28,28.324706,108,100
3006,2701,100.183333,-0.016667,29,28.604659,108,100
3007,2701,100.216667,-0.016667,29,28.86326,108,100
3008,2701,100.25,-0.016667,29,29.092859,108,100
3009,2701,100.283333,-0.016667,30,29.294401,108,100
3010,2701,100.316667,-0.016667,99999,29.51931,108,100
3011,2701,100.35,-0.016667,99999,29.838879,108,100
3012,2701,100.383333,-0.016667,99999,30.283507,108,100
3013,2701,100.416667,-0.016667,99999,30.827238,108,100
3014,2701,100.45,-0.016667,99999,31.421981,108,100
3015,2701,100.483333,-0.016667,99999,32.040685,108,100
3016,2701,100.516667,-0.016667,99999,32.659372,108,100
3017,2701,100.55,-0.016667,99999,33.209821,108,100
3018,2701,100.583333,-0.016667,99999,33.574531,108,100
2974,2700,99.116667,0.016667,-39,-36.583556,888,-888
2975,2700,99.15,0.016667,-36,-34.8284,108,100
2976,2700,99.183333,0.016667,-34,-33.220795,108,100
2977,2700,99.216667,0.016667,-33,-31.813368,108,100
2978,2700,99.25,0.016667,-32,-30.562544,108,100
2979,2700,99.283333,0.016667,-32,-29.311079,108,100
2980,2700,99.316667,0.016667,-30,-27.899337,108,100
2981,2700,99.35,0.016667,-29,-26.288532,108,100
2982,2700,99.383333,0.016667,-27,-24.473472,108,100
2983,2700,99.416667,0.016667,-25,-22.348675,108,100
2984,2700,99.45,0.016667,-22,-19.8018,108,100
2985,2700,99.483333,0.016667,-19,-16.885525,108,100
2986,2700,99.516667,0.016667,-16,-13.694953,108,100
2987,2700,99.55,0.016667,-12,-10.19191,108,100
2988,2700,99.583333,0.016667,-7,-6.287533,108,100
2989,2700,99.616667,0.016667,-2,-2.011378,108,100
2990,2700,99.65,0.016667,3,2.485757,108,100
2991,2700,99.683333,0.016667,7,7.161017,108,100
2992,2700,99.716667,0.016667,13,12.049556,108,100
2993,2700,99.75,0.016667,19,17.070041,108,100
2994,2700,99.783333,0.016667,25,21.908318,108,100
2995,2700,99.816667,0.016667,30,26.146212,108,100
2996,2700,99.85,0.016667,34,29.535356,108,100
2997,2700,99.883333,0.016667,36,31.96259,108,100
2998,2700,99.916667,0.016667,38,33.351948,108,100
2999,2700,99.95,0.016667,37,33.701851,108,100
3000,2700,99.983333,0.016667,35,33.192258,108,100
3001,2700,100.016667,0.016667,33,32.266873,108,100
3002,2700,100.05,0.016667,31,31.460173,108,100
3003,2700,100.083333,0.016667,31,31.023557,108,100
3004,2700,100.116667,0.016667,31,30.863082,108,100
3005,2700,100.15,0.016667,31,30.807418,108,100
3006,2700,100.183333,0.016667,31,30.787065,108,100
3007,2700,100.216667,0.016667,31,30.800835,108,100
3008,2700,100.25,0.016667,31,30.835879,108,100
3009,2700,100.283333,0.016667,99999,30.883181,108,100
3010,2700,100.316667,0.016667,99999,30.989513,108,100
3011,2700,100.35,0.016667,99999,31.221187,108,100
3012,2700,100.383333,0.016667,99999,31.600031,108,100
3013,2700,100.416667,0.016667,99999,32.099769,108,100
3014,2700,100.45,0.016667,99999,32.684932,108,100
3015,2700,100.483333,0.016667,99999,33.334291,108,100
3016,2700,100.516667,0.016667,99999,34.015666,108,100
3017,2700,100.55,0.016667,99999,34.650725,108,100
3018,2700,100.583333,0.016667,99999,35.087551,108,100
2974,2699,99.116667,0.05,-39,-36.000249,888,-888
2975,2699,99.15,0.05,-36,-34.131655,108,100
2976,2699,99.183333,0.05,-34,-32.449261,108,100
2977,2699,99.216667,0.05,-33,-30.966521,108,100
2978,2699,99.25,0.05,-32,-29.620983,108,100
2979,2699,99.283333,0.05,-31,-28.291598,108,100
2980,2699,99.316667,0.05,-29,-26.868818,108,100
2981,2699,99.35,0.05,-28,-25.333556,108,100
2982,2699,99.383333,0.05,-27,-23.670927,108,100
2983,2699,99.416667,0.05,-25,-21.788074,108,100
2984,2699,99.45,0.05,-23,-19.568825,108,100
2985,2699,99.483333,0.05,-20,-16.975146,108,100
2986,2699,99.516667,0.05,-17,-14.038884,108,100
2987,2699,99.55,0.05,-14,-10.727581,108,100
2988,2699,99.583333,0.05,-10,-6.89998,108,100
2989,2699,99.616667,0.05,-4,-2.495889,108,100
2990,2699,99.65,0.05,2,2.313125,108,100
2991,2699,99.683333,0.05,7,7.318659,108,100
2992,2699,99.716667,0.05,13,12.475407,108,100
2993,2699,99.75,0.05,19,17.761138,108,100
2994,2699,99.783333,0.05,26,22.886965,108,100
2995,2699,99.816667,0.05,32,27.458192,108,100
2996,2699,99.85,0.05,36,31.25352,108,100
2997,2699,99.883333,0.05,39,34.157171,108,100
2998,2699,99.916667,0.05,41,36.08331,108,100
2999,2699,99.95,0.05,42,36.981436,108,100
3000,2699,99.983333,0.05,41,36.94025,108,100
3001,2699,100.016667,0.05,39,36.285334,108,100
3002,2699,100.05,0.05,38,35.449046,108,100
3003,2699,100.083333,0.05,36,34.699338,108,100
3004,2699,100.116667,0.05,36,34.085764,108,100
3005,2699,100.15,0.05,35,33.581403,108,100
3006,2699,100.183333,0.05,34,33.181226,108,100
3007,2699,100.216667,0.05,34,32.890401,108,100
3008,2699,100.25,0.05,34,32.689538,108,100
3009,2699,100.283333,0.05,99999,32.561471,108,100
3010,2699,100.316667,0.05,99999,32.536845,108,100
3011,2699,100.35,0.05,99999,32.667949,108,100
3012,2699,100.383333,0.05,99999,32.974478,108,100
3013,2699,100.416667,0.05,99999,33.432221,108,100
3014,2699,100.45,0.05,99999,33.995591,108,100
3015,2699,100.483333,0.05,99999,34.627596,108,100
3016,2699,100.516667,0.05,99999,35.280499,108,100
3017,2699,100.55,0.05,99999,35.870915,108,100
3018,2699,100.583333,0.05,99999,36.264974,108,100
2974,2698,99.116667,0.083333,-38,-35.186935,888,-888
2975,2698,99.15,0.083333,-36,-33.246062,108,100
2976,2698,99.183333,0.083333,-34,-31.509201,108,100
2977,2698,99.216667,0.083333,-32,-29.969173,108,100
2978,2698,99.25,0.083333,-31,-28.568842,108,100
2979,2698,99.283333,0.083333,-30,-27.203862,108,100
2980,2698,99.316667,0.083333,-28,-25.788955,108,100
2981,2698,99.35,0.083333,-27,-24.319625,108,100
2982,2698,99.383333,0.083333,-26,-22.779782,108,100
2983,2698,99.416667,0.083333,-25,-21.085054,108,100
2984,2698,99.45,0.083333,-23,-19.129951,108,100
2985,2698,99.483333,0.083333,-21,-16.847635,108,100
2986,2698,99.516667,0.083333,-18,-14.194679,108,100
2987,2698,99.55,0.083333,-15,-11.089928,108,100
2988,2698,99.583333,0.083333,-12,-7.369576,108,100
2989,2698,99.616667,0.083333,-6,-2.888455,108,100
2990,2698,99.65,0.083333,1,2.228843,108,100
2991,2698,99.683333,0.083333,8,7.652103,108,100
2992,2698,99.716667,0.083333,14,13.232438,108,100
2993,2698,99.75,0.083333,21,18.858603,108,100
2994,2698,99.783333,0.083333,27,24.25605,108,100
2995,2698,99.816667,0.083333,34,29.170452,108,100
2996,2698,99.85,0.083333,39,33.416383,108,100
2997,2698,99.883333,0.083333,43,36.855042,108,100
2998,2698,99.916667,0.083333,46,39.345368,108,100
2999,2698,99.95,0.083333,48,40.75389,108,100
3000,2698,99.983333,0.083333,47,41.07519,108,100
3001,2698,100.016667,0.083333,46,40.548251,108,100
3002,2698,100.05,0.083333,44,39.568568,108,100
3003,2698,100.083333,0.083333,42,38.45879,108,100
3004,2698,100.116667,0.083333,40,37.382444,108,100
3005,2698,100.15,0.083333,39,36.419631,108,100
3006,2698,100.183333,0.083333,37,35.625843,108,100
3007,2698,100.216667,0.083333,36,35.019637,108,100
3008,2698,100.25,0.083333,99999,34.577827,108,100
3009,2698,100.283333,0.083333,99999,34.27808,108,100
3010,2698,100.316667,0.083333,99999,34.130013,108,100
3011,2698,100.35,0.083333,99999,34.158807,108,100
3012,2698,100.383333,0.083333,99999,34.367345,108,100
3013,2698,100.416667,0.083333,99999,34.73208,108,100
3014,2698,100.45,0.083333,99999,35.210487,108,100
3015,2698,100.483333,0.083333,99999,35.752768,108,100
3016,2698,100.516667,0.083333,99999,36.297648,108,100
3017,2698,100.55,0.083333,99999,36.753921,108,100
3018,2698,100.583333,0.083333,99999,37.011751,108,100
2974,2697,99.116667,0.116667,-37,-34.134015,888,-888
2975,2697,99.15,0.116667,-35,-32.181506,108,100
2976,2697,99.183333,0.116667,-33,-30.393431,108,100
2977,2697,99.216667,0.116667,-31,-28.781098,108,100
2978,2697,99.25,0.116667,-30,-27.328434,108,100
2979,2697,99.283333,0.116667,-29,-25.953922,108,100
2980,2697,99.316667,0.116667,-27,-24.579622,108,100
2981,2697,99.35,0.116667,-26,-23.183521,108,100
2982,2697,99.383333,0.116667,-25,-21.735513,108,100
2983,2697,99.416667,0.116667,-24,-20.161896,108,100
2984,2697,99.45,0.116667,-22,-18.377012,108,100
2985,2697,99.483333,0.116667,-21,-16.323444,108,100
2986,2697,99.516667,0.116667,-19,-13.92132,108,100
2987,2697,99.55,0.116667,-16,-11.020032,108,100
2988,2697,99.583333,0.116667,-13,-7.398578,108,100
2989,2697,99.616667,0.116667,-8,-2.847616,108,100
2990,2697,99.65,0.116667,0,2.503923,108,100
2991,2697,99.683333,0.116667,8,8.282143,108,100
2992,2697,99.716667,0.116667,15,14.281284,108,100
2993,2697,99.75,0.116667,23,20.249261,108,100
2994,2697,99.783333,0.116667,30,25.907476,108,100
2995,2697,99.816667,0.116667,36,31.131028,108,100
2996,2697,99.85,0.116667,42,35.792663,108,100
2997,2697,99.883333,0.116667,47,39.739921,108,100
2998,2697,99.916667,0.116667,51,42.765594,108,100
2999,2697,99.95,0.116667,54,44.626109,108,100
3000,2697,99.983333,0.116667,54,45.197798,108,100
3001,2697,100.016667,0.116667,52,44.656286,108,100
3002,2697,100.05,0.116667,50,43.433304,108,100
3003,2697,100.083333,0.116667,47,41.950477,108,100
3004,2697,100.116667,0.116667,44,40.456033,108,100
3005,2697,100.15,0.116667,42,39.085438,108,100
3006,2697,100.183333,0.116667,40,37.934966,108,100
3007,2697,100.216667,0.116667,39,37.041374,108,100
3008,2697,100.25,0.116667,99999,36.372677,108,100
3009,2697,100.283333,0.116667,99999,35.895795,108,100
3010,2697,100.316667,0.116667,99999,35.611441,108,100
3011,2697,100.35,0.116667,99999,35.522389,108,100
3012,2697,100.383333,0.116667,99999,35.607552,108,100
3013,2697,100.416667,0.116667,99999,35.841809,108,100
3014,2697,100.45,0.116667,99999,36.194369,108,100
3015,2697,100.483333,0.116667,99999,36.609918,108,100
3016,2697,100.516667,0.116667,99999,37.012134,108,100
3017,2697,100.55,0.116667,99999,37.306134,108,100
3018,2697,100.583333,0.116667,99999,37.396285,108,100
2974,2696,99.116667,0.15,-37,-32.955599,888,-888
2975,2696,99.15,0.15,-34,-30.997024,108,100
2976,2696,99.183333,0.15,-32,-29.13561,108,100
2977,2696,99.216667,0.15,-30,-27.446091,108,100
2978,2696,99.25,0.15,-28,-25.938907,108,100
2979,2696,99.283333,0.15,-27,-24.553042,108,100
2980,2696,99.316667,0.15,-26,-23.207082,108,100
2981,2696,99.35,0.15,-25,-21.858649,108,100
2982,2696,99.383333,0.15,-24,-20.464713,108,100
2983,2696,99.416667,0.15,-23,-18.954093,108,100
2984,2696,99.45,0.15,-21,-17.2563,108,100
2985,2696,99.483333,0.15,-20,-15.320069,108,100
2986,2696,99.516667,0.15,-18,-13.052573,108,100
2987,2696,99.55,0.15,-16,-10.252208,108,100
2988,2696,99.583333,0.15,-13,-6.643379,108,100
2989,2696,99.616667,0.15,-7,-2.049784,108,100
2990,2696,99.65,0.15,1,3.359406,108,100
2991,2696,99.683333,0.15,9,9.321588,108,100
2992,2696,99.716667,0.15,17,15.562765,108,100
2993,2696,99.75,0.15,25,21.7308,108,100
2994,2696,99.783333,0.15,32,27.609801,108,100
2995,2696,99.816667,0.15,39,33.080992,108,100
2996,2696,99.85,0.15,45,38.054802,108,100
2997,2696,99.883333,0.15,51,42.399992,108,100
2998,2696,99.916667,0.15,56,45.869937,108,100
2999,2696,99.95,0.15,60,48.107631,108,100
3000,2696,99.983333,0.15,60,48.845231,108,100
3001,2696,100.016667,0.15,58,48.201759,108,100
3002,2696,100.05,0.15,54,46.701675,108,100
3003,2696,100.083333,0.15,51,44.89259,108,100
3004,2696,100.116667,0.15,48,43.070588,108,100
3005,2696,100.15,0.15,45,41.380325,108,100
3006,2696,100.183333,0.15,43,39.932863,108,100
3007,2696,100.216667,0.15,99999,38.77767,108,100
3008,2696,100.25,0.15,99999,37.887444,108,100
3009,2696,100.283333,0.15,99999,37.225786,108,100
3010,2696,100.316667,0.15,99999,36.788701,108,100
3011,2696,100.35,0.15,99999,36.572102,108,100
3012,2696,100.383333,0.15,99999,36.551085,108,100
3013,2696,100.416667,0.15,99999,36.69366,108,100
3014,2696,100.45,0.15,99999,36.951401,108,100
3015,2696,100.483333,0.15,99999,37.25214,108,100
3016,2696,100.516667,0.15,99999,37.512399,108,100
3017,2696,100.55,0.15,99999,37.646234,108,100
3018,2696,100.583333,0.15,99999,37.5736,108,100
2974,2695,99.116667,0.183333,-37,-31.463791,108,100
2975,2695,99.15,0.183333,-34,-29.561193,108,100
2976,2695,99.183333,0.183333,-31,-27.669786,108,100
2977,2695,99.216667,0.183333,-29,-25.923506,108,100
2978,2695,99.25,0.183333,-27,-24.379228,108,100
2979,2695,99.283333,0.183333,-26,-22.988197,108,100
2980,2695,99.316667,0.183333,-25,-21.636936,108,100
2981,2695,99.35,0.183333,-23,-20.272155,108,100
2982,2695,99.383333,0.183333,-22,-18.864677,108,100
2983,2695,99.416667,0.183333,-21,-17.35597,108,100
2984,2695,99.45,0.183333,-20,-15.681032,108,100
2985,2695,99.483333,0.183333,-18,-13.77263,108,100
2986,2695,99.516667,0.183333,-16,-11.517489,108,100
2987,2695,99.55,0.183333,-14,-8.690293,108,100
2988,2695,99.583333,0.183333,-10,-5.026844,108,100
2989,2695,99.616667,0.183333,-4,-0.462019,108,100
2990,2695,99.65,0.183333,3,4.861474,108,100
2991,2695,99.683333,0.183333,10,10.785881,108,100
2992,2695,99.716667,0.183333,18,16.995258,108,100
2993,2695,99.75,0.183333,26,23.168937,108,100
2994,2695,99.783333,0.183333,34,29.146221,108,100
2995,2695,99.816667,0.183333,41,34.763823,108,100
2996,2695,99.85,0.183333,48,39.903184,108,100
2997,2695,99.883333,0.183333,54,44.442078,108,100
2998,2695,99.916667,0.183333,60,48.132106,108,100
2999,2695,99.95,0.183333,64,50.571663,108,100
3000,2695,99.983333,0.183333,65,51.409746,108,100
3001,2695,100.016667,0.183333,62,50.711105,108,100
3002,2695,100.05,0.183333,58,49.046062,108,100
3003,2695,100.083333,0.183333,54,47.03941,108,100
3004,2695,100.116667,0.183333,51,45.014842,108,100
3005,2695,100.15,0.183333,47,43.115351,108,100
3006,2695,100.183333,0.183333,45,41.450438,108,100
3007,2695,100.216667,0.183333,99999,40.080217,108,100
3008,2695,100.25,0.183333,99999,38.999362,108,100
3009,2695,100.283333,0.183333,99999,38.18228,108,100
3010,2695,100.316667,0.183333,99999,37.618837,108,100
3011,2695,100.35,0.183333,99999,37.303648,108,100
3012,2695,100.383333,0.183333,99999,37.215771,108,100
3013,2695,100.416667,0.183333,99999,37.30718,108,100
3014,2695,100.45,0.183333,99999,37.503011,108,100
3015,2695,100.483333,0.183333,99999,37.720634,108,100
3016,2695,100.516667,0.183333,99999,37.873674,108,100
3017,2695,100.55,0.183333,99999,37.880008,108,100
3018,2695,100.583333,0.183333,99999,37.681358,108,100
2974,2694,99.116667,0.216667,-35,-29.174733,108,100
2975,2694,99.15,0.216667,-33,-27.449794,108,100
2976,2694,99.183333,0.216667,-31,-25.654511,108,100
2977,2694,99.216667,0.216667,-28,-23.942665,108,100
2978,2694,99.25,0.216667,-26,-22.448696,108,100
2979,2694,99.283333,0.216667,-25,-21.126469,108,100
2980,2694,99.316667,0.216667,-23,-19.807294,108,100
2981,2694,99.35,0.216667,-22,-18.41323,108,100
2982,2694,99.383333,0.216667,-20,-16.93417,108,100
2983,2694,99.416667,0.216667,-19,-15.37635,108,100
2984,2694,99.45,0.216667,-17,-13.708677,108,100
2985,2694,99.483333,0.216667,-16,-11.800205,108,100
2986,2694,99.516667,0.216667,-14,-9.4758,108,100
2987,2694,99.55,0.216667,-11,-6.565797,108,100
2988,2694,99.583333,0.216667,-7,-2.894023,108,100
2989,2694,99.616667,0.216667,-1,1.572737,108,100
2990,2694,99.65,0.216667,6,6.780763,108,100
2991,2694,99.683333,0.216667,13,12.524215,108,100
2992,2694,99.716667,0.216667,20,18.484253,108,100
2993,2694,99.75,0.216667,28,24.490721,108,100
2994,2694,99.783333,0.216667,35,30.390131,108,100
2995,2694,99.816667,0.216667,43,35.995398,108,100
2996,2694,99.85,0.216667,49,41.13156,108,100
2997,2694,99.883333,0.216667,55,45.626392,108,100
2998,2694,99.916667,0.216667,61,49.234339,108,100
2999,2694,99.95,0.216667,64,51.61036,108,100
3000,2694,99.983333,0.216667,65,52.461526,108,100
3001,2694,100.016667,0.216667,63,51.845105,108,100
3002,2694,100.05,0.216667,59,50.2569,108,100
3003,2694,100.083333,0.216667,55,48.258945,108,100
3004,2694,100.116667,0.216667,52,46.178023,108,100
3005,2694,100.15,0.216667,49,44.182827,108,100
3006,2694,100.183333,0.216667,99999,42.397433,108,100
3007,2694,100.216667,0.216667,99999,40.899042,108,100
3008,2694,100.25,0.216667,99999,39.698974,108,100
3009,2694,100.283333,0.216667,99999,38.783636,108,100
3010,2694,100.316667,0.216667,99999,38.147165,108,100
3011,2694,100.35,0.216667,99999,37.784078,108,100
3012,2694,100.383333,0.216667,99999,37.667966,108,100
3013,2694,100.416667,0.216667,99999,37.731918,108,100
3014,2694,100.45,0.216667,99999,37.888338,108,100
3015,2694,100.483333,0.216667,99999,38.055344,108,100
3016,2694,100.516667,0.216667,99999,38.143904,108,100
3017,2694,100.55,0.216667,99999,38.073987,108,100
3018,2694,100.583333,0.216667,99999,37.803349,108,100
2974,2693,99.116667,0.25,-31,-25.793007,108,100
2975,2693,99.15,0.25,-29,-24.276096,108,100
2976,2693,99.183333,0.25,-27,-22.675254,108,100
2977,2693,99.216667,0.25,-24,-21.154753,108,100
2978,2693,99.25,0.25,-23,-19.861397,108,100
2979,2693,99.283333,0.25,-23,-18.689389,108,100
2980,2693,99.316667,0.25,-22,-17.465579,108,100
2981,2693,99.35,0.25,-20,-16.15527,108,100
2982,2693,99.383333,0.25,-18,-14.714696,108,100
2983,2693,99.416667,0.25,-17,-13.129546,108,100
2984,2693,99.45,0.25,-16,-11.438128,108,100
2985,2693,99.483333,0.25,-15,-9.52991,108,100
2986,2693,99.516667,0.25,-11,-7.150795,108,100
2987,2693,99.55,0.25,-8,-4.182177,108,100
2988,2693,99.583333,0.25,-4,-0.561639,108,100
2989,2693,99.616667,0.25,2,3.801552,108,100
2990,2693,99.65,0.25,8,8.83591,108,100
2991,2693,99.683333,0.25,15,14.263653,108,100
2992,2693,99.716667,0.25,22,19.870246,108,100
2993,2693,99.75,0.25,29,25.580301,108,100
2994,2693,99.783333,0.25,36,31.24525,108,100
2995,2693,99.816667,0.25,43,36.667884,108,100
2996,2693,99.85,0.25,50,41.633536,108,100
2997,2693,99.883333,0.25,56,45.907781,108,100
2998,2693,99.916667,0.25,60,49.233842,108,100
2999,2693,99.95,0.25,63,51.369467,108,100
3000,2693,99.983333,0.25,63,52.168532,108,100
3001,2693,100.016667,0.25,61,51.724448,108,100
3002,2693,100.05,0.25,59,50.399431,108,100
3003,2693,100.083333,0.25,55,48.601981,108,100
3004,2693,100.116667,0.25,52,46.619008,108,100
3005,2693,100.15,0.25,49,44.643329,108,100
3006,2693,100.183333,0.25,99999,42.823306,108,100
3007,2693,100.216667,0.25,99999,41.258778,108,100
3008,2693,100.25,0.25,99999,39.992855,108,100
3009,2693,100.283333,0.25,99999,39.038712,108,100
3010,2693,100.316667,0.25,99999,38.393175,108,100
3011,2693,100.35,0.25,99999,38.04036,108,100
3012,2693,100.383333,0.25,99999,37.936616,108,100
3013,2693,100.416667,0.25,99999,38.00155,108,100
3014,2693,100.45,0.25,99999,38.150716,108,100
3015,2693,100.483333,0.25,99999,38.303619,108,100
3016,2693,100.516667,0.25,99999,38.370522,108,100
3017,2693,100.55,0.25,99999,38.273051,108,100
3018,2693,100.583333,0.25,99999,37.972885,108,100
2974,2692,99.116667,0.283333,-25,-21.701933,108,100
2975,2692,99.15,0.283333,-23,-20.381714,108,100
2976,2692,99.183333,0.283333,-21,-19.028659,108,100
2977,2692,99.216667,0.283333,-20,-17.751956,108,100
2978,2692,99.25,0.283333,-19,-16.617062,108,100
2979,2692,99.283333,0.283333,-18,-15.502138,108,100
2980,2692,99.316667,0.283333,-17,-14.34116,108,100
2981,2692,99.35,0.283333,-17,-13.198941,108,100
2982,2692,99.383333,0.283333,-17,-11.926618,108,100
2983,2692,99.416667,0.283333,-15,-10.338751,108,100
2984,2692,99.45,0.283333,-12,-8.519394,108,100
2985,2692,99.483333,0.283333,-11,-6.5917,108,100
2986,2692,99.516667,0.283333,-9,-4.375366,108,100
2987,2692,99.55,0.283333,-5,-1.596737,108,100
2988,2692,99.583333,0.283333,-1,1.848457,108,100
2989,2692,99.616667,0.283333,5,6.035473,108,100
2990,2692,99.65,0.283333,11,10.778158,108,100
2991,2692,99.683333,0.283333,17,15.786336,108,100
2992,2692,99.716667,0.283333,23,20.987562,108,100
2993,2692,99.75,0.283333,29,26.316302,108,100
2994,2692,99.783333,0.283333,36,31.628647,108,100
2995,2692,99.816667,0.283333,43,36.729256,108,100
2996,2692,99.85,0.283333,49,41.391037,108,100
2997,2692,99.883333,0.283333,54,45.350869,108,100
2998,2692,99.916667,0.283333,58,48.355801,108,100
2999,2692,99.95,0.283333,60,50.255033,108,100
3000,2692,99.983333,0.283333,60,51.02112,108,100
3001,2692,100.016667,0.283333,59,50.768553,108,100
3002,2692,100.05,0.283333,57,49.751246,108,100
3003,2692,100.083333,0.283333,54,48.244416,108,100
3004,2692,100.116667,0.283333,51,46.470401,108,100
3005,2692,100.15,0.283333,99999,44.613591,108,100
3006,2692,100.183333,0.283333,99999,42.831643,108,100
3007,2692,100.216667,0.283333,99999,41.246251,108,100
3008,2692,100.25,0.283333,99999,39.946102,108,100
3009,2692,100.283333,0.283333,99999,38.986362,108,100
3010,2692,100.316667,0.283333,99999,38.371918,108,100
3011,2692,100.35,0.283333,99999,38.071914,108,100
3012,2692,100.383333,0.283333,99999,38.022882,108,100
3013,2692,100.416667,0.283333,99999,38.132575,108,100
3014,2692,100.45,0.283333,99999,38.314971,108,100
3015,2692,100.483333,0.283333,99999,38.490399,108,100
3016,2692,100.516667,0.283333,99999,38.569495,108,100
3017,2692,100.55,0.283333,99999,38.475067,108,100
3018,2692,100.583333,0.283333,99999,38.175647,108,100
2974,2691,99.116667,0.316667,-20,-17.384515,108,100
2975,2691,99.15,0.316667,-19,-16.292671,108,100
2976,2691,99.183333,0.316667,-17,-15.218873,108,100
2977,2691,99.216667,0.316667,-16,-14.167162,108,100
2978,2691,99.25,0.316667,-15,-13.10967,108,100
2979,2691,99.283333,0.316667,-14,-11.979931,108,100
2980,2691,99.316667,0.316667,-12,-10.777589,108,100
2981,2691,99.35,0.316667,-12,-9.581977,108,100
2982,2691,99.383333,0.316667,-11,-8.299436,108,100
2983,2691,99.416667,0.316667,-9,-6.739567,108,100
2984,2691,99.45,0.316667,-6,-4.927253,108,100
2985,2691,99.483333,0.316667,-4,-3.064264,108,100
2986,2691,99.516667,0.316667,-3,-1.097449,108,100
2987,2691,99.55,0.316667,-2,1.323217,108,100
2988,2691,99.583333,0.316667,2,4.414841,108,100
2989,2691,99.616667,0.316667,7,8.187762,108,100
2990,2691,99.65,0.316667,12,12.458018,108,100
2991,2691,99.683333,0.316667,17,17.013585,108,100
2992,2691,99.716667,0.316667,23,21.777125,108,100
2993,2691,99.75,0.316667,29,26.668011,108,100
2994,2691,99.783333,0.316667,36,31.54869,108,100
2995,2691,99.816667,0.316667,42,36.234803,108,100
2996,2691,99.85,0.316667,47,40.503798,108,100
2997,2691,99.883333,0.316667,52,44.10991,108,100
2998,2691,99.916667,0.316667,55,46.844068,108,100
2999,2691,99.95,0.316667,57,48.606261,108,100
3000,2691,99.983333,0.316667,57,49.405647,108,100
3001,2691,100.016667,0.316667,56,49.348923,108,100
3002,2691,100.05,0.316667,55,48.623482,108,100
3003,2691,100.083333,0.316667,53,47.421655,108,100
3004,2691,100.116667,0.316667,50,45.905977,108,100
3005,2691,100.15,0.316667,99999,44.230611,108,100
3006,2691,100.183333,0.316667,99999,42.547253,108,100
3007,2691,100.216667,0.316667,99999,40.991087,108,100
3008,2691,100.25,0.316667,99999,39.682827,108,100
3009,2691,100.283333,0.316667,99999,38.719987,108,100
3010,2691,100.316667,0.316667,99999,38.142764,108,100
3011,2691,100.35,0.316667,99999,37.922675,108,100
3012,2691,100.383333,0.316667,99999,37.969487,108,100
3013,2691,100.416667,0.316667,99999,38.165173,108,100
3014,2691,100.45,0.316667,99999,38.414536,108,100
3015,2691,100.483333,0.316667,99999,38.638351,108,100
3016,2691,100.516667,0.316667,99999,38.749509,108,100
3017,2691,100.55,0.316667,99999,38.682591,108,100
3018,2691,100.583333,0.316667,99999,38.425429,108,100
2974,2690,99.116667,0.35,-15,-12.863188,108,100
2975,2690,99.15,0.35,-14,-12.039568,108,100
2976,2690,99.183333,0.35,-13,-11.225434,108,100
2977,2690,99.216667,0.35,-13,-10.410429,108,100
2978,2690,99.25,0.35,-12,-9.513492,108,100
2979,2690,99.283333,0.35,-11,-8.460285,108,100
2980,2690,99.316667,0.35,-9,-7.212759,108,100
2981,2690,99.35,0.35,-7,-5.815616,108,100
2982,2690,99.383333,0.35,-5,-4.379108,108,100
2983,2690,99.416667,0.35,-3,-2.903825,108,100
2984,2690,99.45,0.35,-2,-1.315184,108,100
2985,2690,99.483333,0.35,0,0.376702,108,100
2986,2690,99.516667,0.35,1,2.221852,108,100
2987,2690,99.55,0.35,3,4.410199,108,100
2988,2690,99.583333,0.35,6,7.150267,108,100
2989,2690,99.616667,0.35,9,10.442838,108,100
2990,2690,99.65,0.35,13,14.151514,108,100
2991,2690,99.683333,0.35,18,18.169885,108,100
2992,2690,99.716667,0.35,23,22.405896,108,100
2993,2690,99.75,0.35,29,26.783822,108,100
2994,2690,99.783333,0.35,34,31.174114,108,100
2995,2690,99.816667,0.35,40,35.395857,108,100
2996,2690,99.85,0.35,44,39.236431,108,100
2997,2690,99.883333,0.35,48,42.494471,108,100
2998,2690,99.916667,0.35,51,45.018532,108,100
2999,2690,99.95,0.35,53,46.724926,108,100
3000,2690,99.983333,0.35,54,47.607646,108,100
3001,2690,100.016667,0.35,54,47.7477,108,100
3002,2690,100.05,0.35,53,47.289542,108,100
3003,2690,100.083333,0.35,51,46.377122,108,100
3004,2690,100.116667,0.35,99999,45.131622,108,100
3005,2690,100.15,0.35,99999,43.67193,108,100
3006,2690,100.183333,0.35,99999,42.130489,108,100
3007,2690,100.216667,0.35,99999,40.642784,108,100
3008,2690,100.25,0.35,99999,39.34369,108,100
3009,2690,100.283333,0.35,99999,38.371771,108,100
3010,2690,100.316667,0.35,99999,37.829312,108,100
3011,2690,100.35,0.35,99999,37.704234,108,100
3012,2690,100.383333,0.35,99999,37.865947,108,100
3013,2690,100.416667,0.35,99999,38.159358,108,100
3014,2690,100.45,0.35,99999,38.47986,108,100
3015,2690,100.483333,0.35,99999,38.75804,108,100
3016,2690,100.516667,0.35,99999,38.923652,108,100
3017,2690,100.55,0.35,99999,38.934866,108,100
3018,2690,100.583333,0.35,99999,38.790358,108,100
2974,2689,99.116667,0.383333,-10,-8.058372,108,100
2975,2689,99.15,0.383333,-9,-7.595488,108,100
2976,2689,99.183333,0.383333,-8,-7.032737,108,100
2977,2689,99.216667,0.383333,-8,-6.431142,108,100
2978,2689,99.25,0.383333,-7,-5.736211,108,100
2979,2689,99.283333,0.383333,-7,-4.843336,108,100
2980,2689,99.316667,0.383333,-5,-3.668729,108,100
2981,2689,99.35,0.383333,-3,-2.247176,108,100
2982,2689,99.383333,0.383333,-1,-0.781775,108,100
2983,2689,99.416667,0.383333,0,0.607184,108,100
2984,2689,99.45,0.383333,1,2.010747,108,100
2985,2689,99.483333,0.383333,3,3.543589,108,100
2986,2689,99.516667,0.383333,5,5.284575,108,100
2987,2689,99.55,0.383333,7,7.34838,108,100
2988,2689,99.583333,0.383333,9,9.859134,108,100
2989,2689,99.616667,0.383333,13,12.775443,108,100
2990,2689,99.65,0.383333,16,15.977147,108,100
2991,2689,99.683333,0.383333,20,19.411113,108,100
2992,2689,99.716667,0.383333,24,23.06148,108,100
2993,2689,99.75,0.383333,29,26.878033,108,100
2994,2689,99.783333,0.383333,33,30.730031,108,100
2995,2689,99.816667,0.383333,38,34.451308,108,100
2996,2689,99.85,0.383333,42,37.863952,108,100
2997,2689,99.883333,0.383333,46,40.810765,108,100
2998,2689,99.916667,0.383333,48,43.166986,108,100
2999,2689,99.95,0.383333,50,44.845765,108,100
3000,2689,99.983333,0.383333,51,45.820888,108,100
3001,2689,100.016667,0.383333,51,46.145275,108,100
3002,2689,100.05,0.383333,50,45.929713,108,100
3003,2689,100.083333,0.383333,49,45.284289,108,100
3004,2689,100.116667,0.383333,99999,44.300712,108,100
3005,2689,100.15,0.383333,99999,43.069749,108,100
3006,2689,100.183333,0.383333,99999,41.704813,108,100
3007,2689,100.216667,0.383333,99999,40.333575,108,100
3008,2689,100.25,0.383333,99999,39.08799,108,100
3009,2689,100.283333,0.383333,99999,38.134311,108,100
3010,2689,100.316667,0.383333,99999,37.630165,108,100
3011,2689,100.35,0.383333,99999,37.573049,108,100
3012,2689,100.383333,0.383333,99999,37.802004,108,100
3013,2689,100.416667,0.383333,99999,38.149964,108,100
3014,2689,100.45,0.383333,99999,38.517111,108,100
3015,2689,100.483333,0.383333,99999,38.860521,108,100
3016,2689,100.516667,0.383333,99999,39.133466,108,100
3017,2689,100.55,0.383333,99999,39.287809,108,100
3018,2689,100.583333,0.383333,99999,39.302521,108,100
2974,2688,99.116667,0.416667,-3,-2.706818,108,100
2975,2688,99.15,0.416667,-4,-2.763835,108,100
2976,2688,99.183333,0.416667,-3,-2.635274,108,100
2977,2688,99.216667,0.416667,-3,-2.343907,108,100
2978,2688,99.25,0.416667,-3,-1.859189,108,100
2979,2688,99.283333,0.416667,-2,-1.131887,108,100
2980,2688,99.316667,0.416667,-1,-0.119299,108,100
2981,2688,99.35,0.416667,0,1.157344,108,100
2982,2688,99.383333,0.416667,2,2.527564,108,100
2983,2688,99.416667,0.416667,4,3.849818,108,100
2984,2688,99.45,0.416667,5,5.152077,108,100
2985,2688,99.483333,0.416667,6,6.541,108,100
2986,2688,99.516667,0.416667,8,8.138006,108,100
2987,2688,99.55,0.416667,10,10.081271,108,100
2988,2688,99.583333,0.416667,12,12.38379,108,100
2989,2688,99.616667,0.416667,15,14.945563,108,100
2990,2688,99.65,0.416667,18,17.689556,108,100
2991,2688,99.683333,0.416667,21,20.577922,108,100
2992,2688,99.716667,0.416667,25,23.65234,108,100
2993,2688,99.75,0.416667,29,26.909651,108,100
2994,2688,99.783333,0.416667,32,30.228861,108,100
2995,2688,99.816667,0.416667,36,33.465951,108,100
2996,2688,99.85,0.416667,40,36.495678,108,100
2997,2688,99.883333,0.416667,43,39.189968,108,100
2998,2688,99.916667,0.416667,46,41.420164,108,100
2999,2688,99.95,0.416667,48,43.083755,108,100
3000,2688,99.983333,0.416667,49,44.140631,108,100
3001,2688,100.016667,0.416667,49,44.627462,108,100
3002,2688,100.05,0.416667,49,44.629241,108,100
3003,2688,100.083333,0.416667,99999,44.22739,108,100
3004,2688,100.116667,0.416667,99999,43.489301,108,100
3005,2688,100.15,0.416667,99999,42.489239,108,100
3006,2688,100.183333,0.416667,99999,41.33209,108,100
3007,2688,100.216667,0.416667,99999,40.138494,108,100
3008,2688,100.25,0.416667,99999,39.028838,108,100
3009,2688,100.283333,0.416667,99999,38.157776,108,100
3010,2688,100.316667,0.416667,99999,37.680415,108,100
3011,2688,100.35,0.416667,99999,37.610875,108,100
3012,2688,100.383333,0.416667,99999,37.816924,108,100
3013,2688,100.416667,0.416667,99999,38.167466,108,100
3014,2688,100.45,0.416667,99999,38.583067,108,100
3015,2688,100.483333,0.416667,99999,39.022052,108,100
3016,2688,100.516667,0.416667,99999,39.434548,108,100
3017,2688,100.55,0.416667,99999,39.748781,108,100
3018,2688,100.583333,0.416667,99999,39.918537,108,100
2974,2687,99.116667,0.45,4,2.961056,108,100
2975,2687,99.15,0.45,2,2.446855,108,100
2976,2687,99.183333,0.45,1,2.12823,108,100
2977,2687,99.216667,0.45,1,2.059408,108,100
2978,2687,99.25,0.45,1,2.263969,108,100
2979,2687,99.283333,0.45,2,2.731711,108,100
2980,2687,99.316667,0.45,3,3.497473,108,100
2981,2687,99.35,0.45,4,4.562205,108,100
2982,2687,99.383333,0.45,5,5.769349,108,100
2983,2687,99.416667,0.45,7,6.982302,108,100
2984,2687,99.45,0.45,8,8.18296,108,100
2985,2687,99.483333,0.45,9,9.424734,108,100
2986,2687,99.516667,0.45,10,10.88114,108,100
2987,2687,99.55,0.45,12,12.67389,108,100
2988,2687,99.583333,0.45,14,14.721684,108,100
2989,2687,99.616667,0.45,17,16.929353,108,100
2990,2687,99.65,0.45,19,19.236167,108,100
2991,2687,99.683333,0.45,22,21.60585,108,100
2992,2687,99.716667,0.45,24,24.107494,108,100
2993,2687,99.75,0.45,28,26.80484,108,100
2994,2687,99.783333,0.45,31,29.62705,108,100
2995,2687,99.816667,0.45,34,32.456239,108,100
2996,2687,99.85,0.45,37,35.192023,108,100
2997,2687,99.883333,0.45,40,37.704715,108,100
2998,2687,99.916667,0.45,43,39.849023,108,100
2999,2687,99.95,0.45,45,41.507773,108,100
3000,2687,99.983333,0.45,46,42.633524,108,100
3001,2687,100.016667,0.45,47,43.256526,108,100
3002,2687,100.05,0.45,47,43.444975,108,100
3003,2687,100.083333,0.45,99999,43.256769,108,100
3004,2687,100.116667,0.45,99999,42.738729,108,100
3005,2687,100.15,0.45,99999,41.959222,108,100
3006,2687,100.183333,0.45,99999,41.02303,108,100
3007,2687,100.216667,0.45,99999,40.043415,108,100
3008,2687,100.25,0.45,99999,39.123112,108,100
3009,2687,100.283333,0.45,99999,38.369673,108,100
3010,2687,100.316667,0.45,99999,37.89989,108,100
3011,2687,100.35,0.45,99999,37.782178,108,100
3012,2687,100.383333,0.45,99999,37.95519,108,100
3013,2687,100.416667,0.45,99999,38.309279,108,100
3014,2687,100.45,0.45,99999,38.775552,108,100
3015,2687,100.483333,0.45,99999,39.29913,108,100
3016,2687,100.516667,0.45,99999,39.816934,108,100
3017,2687,100.55,0.45,99999,40.258363,108,100
3018,2687,100.583333,0.45,99999,40.567761,108,100
2974,2686,99.116667,0.483333,9,8.423753,108,100
2975,2686,99.15,0.483333,8,7.742749,108,100
2976,2686,99.183333,0.483333,7,7.223039,108,100
2977,2686,99.216667,0.483333,6,6.921513,108,100
2978,2686,99.25,0.483333,6,6.84189,108,100
2979,2686,99.283333,0.483333,6,6.977202,108,100
2980,2686,99.316667,0.483333,6,7.430318,108,100
2981,2686,99.35,0.483333,8,8.209016,108,100
2982,2686,99.383333,0.483333,9,9.138873,108,100
2983,2686,99.416667,0.483333,10,10.139917,108,100
2984,2686,99.45,0.483333,11,11.208415,108,100
2985,2686,99.483333,0.483333,12,12.338608,108,100
2986,2686,99.516667,0.483333,13,13.680327,108,100
2987,2686,99.55,0.483333,15,15.287066,108,100
2988,2686,99.583333,0.483333,17,17.051576,108,100
2989,2686,99.616667,0.483333,19,18.911789,108,100
2990,2686,99.65,0.483333,21,20.789828,108,100
2991,2686,99.683333,0.483333,22,22.649593,108,100
2992,2686,99.716667,0.483333,24,24.581971,108,100
2993,2686,99.75,0.483333,27,26.710594,108,100
2994,2686,99.783333,0.483333,29,29.06292,108,100
2995,2686,99.816667,0.483333,32,31.56899,108,100
2996,2686,99.85,0.483333,35,34.099836,108,100
2997,2686,99.883333,0.483333,38,36.487611,108,100
2998,2686,99.916667,0.483333,41,38.566931,108,100
2999,2686,99.95,0.483333,43,40.215159,108,100
3000,2686,99.983333,0.483333,44,41.384759,108,100
3001,2686,100.016667,0.483333,45,42.103458,108,100
3002,2686,100.05,0.483333,45,42.435101,108,100
3003,2686,100.083333,0.483333,99999,42.422461,108,100
3004,2686,100.116667,0.483333,99999,42.086652,108,100
3005,2686,100.15,0.483333,99999,41.494529,108,100
3006,2686,100.183333,0.483333,99999,40.759473,108,100
3007,2686,100.216667,0.483333,99999,39.981626,108,100
3008,2686,100.25,0.483333,99999,39.23824,108,100
3009,2686,100.283333,0.483333,99999,38.604504,108,100
3010,2686,100.316667,0.483333,99999,38.184993,108,100
3011,2686,100.35,0.483333,99999,38.08278,108,100
3012,2686,100.383333,0.483333,99999,38.269465,108,100
3013,2686,100.416667,0.483333,99999,38.63441,108,100
3014,2686,100.45,0.483333,99999,39.111929,108,100
3015,2686,100.483333,0.483333,99999,39.657993,108,100
3016,2686,100.516667,0.483333,99999,40.225055,108,100
3017,2686,100.55,0.483333,99999,40.75605,108,100
3018,2686,100.583333,0.483333,99999,41.185692,108,100
2974,2685,99.116667,0.516667,16,13.673411,108,100
2975,2685,99.15,0.516667,15,12.967515,108,100
2976,2685,99.183333,0.516667,14,12.359514,108,100
2977,2685,99.216667,0.516667,13,11.914457,108,100
2978,2685,99.25,0.516667,12,11.647421,108,100
2979,2685,99.283333,0.516667,11,11.559097,108,100
2980,2685,99.316667,0.516667,11,11.735216,108,100
2981,2685,99.35,0.516667,12,12.176166,108,100
2982,2685,99.383333,0.516667,13,12.778896,108,100
2983,2685,99.416667,0.516667,14,13.533269,108,100
2984,2685,99.45,0.516667,15,14.431717,108,100
2985,2685,99.483333,0.516667,15,15.459295,108,100
2986,2685,99.516667,0.516667,17,16.689555,108,100
2987,2685,99.55,0.516667,18,18.090483,108,100
2988,2685,99.583333,0.516667,19,19.5729,108,100
2989,2685,99.616667,0.516667,21,21.089287,108,100
2990,2685,99.65,0.516667,23,22.55374,108,100
2991,2685,99.683333,0.516667,24,23.927992,108,100
2992,2685,99.716667,0.516667,24,25.301794,108,100
2993,2685,99.75,0.516667,25,26.857872,108,100
2994,2685,99.783333,0.516667,28,28.758595,108,100
2995,2685,99.816667,0.516667,30,31.000893,108,100
2996,2685,99.85,0.516667,34,33.390468,108,100
2997,2685,99.883333,0.516667,37,35.681413,108,100
2998,2685,99.916667,0.516667,40,37.686474,108,100
2999,2685,99.95,0.516667,42,39.29449,108,100
3000,2685,99.983333,0.516667,43,40.463182,108,100
3001,2685,100.016667,0.516667,44,41.219172,108,100
3002,2685,100.05,0.516667,99999,41.635889,108,100
3003,2685,100.083333,0.516667,99999,41.756663,108,100
3004,2685,100.116667,0.516667,99999,41.57983,108,100
3005,2685,100.15,0.516667,99999,41.153805,108,100
3006,2685,100.183333,0.516667,99999,40.587482,108,100
3007,2685,100.216667,0.516667,99999,39.97389,108,100
3008,2685,100.25,0.516667,99999,39.369812,108,100
3009,2685,100.283333,0.516667,99999,38.845533,108,100
3010,2685,100.316667,0.516667,99999,38.528913,108,100
3011,2685,100.35,0.516667,99999,38.499122,108,100
3012,2685,100.383333,0.516667,99999,38.702898,108,100
3013,2685,100.416667,0.516667,99999,39.052881,108,100
3014,2685,100.45,0.516667,99999,39.499457,108,100
3015,2685,100.483333,0.516667,99999,40.018069,108,100
3016,2685,100.516667,0.516667,99999,40.58966,108,100
3017,2685,100.55,0.516667,99999,41.170384,108,100
3018,2685,100.583333,0.516667,99999,41.68445,108,100
2974,2684,99.116667,0.55,21,18.607146,108,100
2975,2684,99.15,0.55,20,17.846051,108,100
2976,2684,99.183333,0.55,19,17.182569,108,100
2977,2684,99.216667,0.55,18,16.661925,108,100
2978,2684,99.25,0.55,18,16.295313,108,100
2979,2684,99.283333,0.55,17,16.068369,108,100
2980,2684,99.316667,0.55,17,16.033725,108,100
2981,2684,99.35,0.55,17,16.20942,108,100
2982,2684,99.383333,0.55,17,16.559774,108,100
2983,2684,99.416667,0.55,17,17.104908,108,100
2984,2684,99.45,0.55,18,17.847737,108,100
2985,2684,99.483333,0.55,19,18.764214,108,100
2986,2684,99.516667,0.55,20,19.868425,108,100
2987,2684,99.55,0.55,22,21.092511,108,100
2988,2684,99.583333,0.55,23,22.334579,108,100
2989,2684,99.616667,0.55,24,23.544154,108,100
2990,2684,99.65,0.55,25,24.650978,108,100
2991,2684,99.683333,0.55,25,25.615521,108,100
2992,2684,99.716667,0.55,25,26.511692,108,100
2993,2684,99.75,0.55,25,27.560691,108,100
2994,2684,99.783333,0.55,27,29.034033,108,100
2995,2684,99.816667,0.55,29,31.002897,108,100
2996,2684,99.85,0.55,33,33.225852,108,100
2997,2684,99.883333,0.55,36,35.378185,108,100
2998,2684,99.916667,0.55,39,37.257242,108,100
2999,2684,99.95,0.55,41,38.770169,108,100
3000,2684,99.983333,0.55,42,39.884664,108,100
3001,2684,100.016667,0.55,43,40.629031,108,100
3002,2684,100.05,0.55,99999,41.076102,108,100
3003,2684,100.083333,0.55,99999,41.271842,108,100
3004,2684,100.116667,0.55,99999,41.22161,108,100
3005,2684,100.15,0.55,99999,40.950872,108,100
3006,2684,100.183333,0.55,99999,40.535868,108,100
3007,2684,100.216667,0.55,99999,40.055723,108,100
3008,2684,100.25,0.55,99999,39.557962,108,100
3009,2684,100.283333,0.55,99999,39.12501,108,100
3010,2684,100.316667,0.55,99999,38.901872,108,100
3011,2684,100.35,0.55,99999,38.930928,108,100
3012,2684,100.383333,0.55,99999,39.127191,108,100
3013,2684,100.416667,0.55,99999,39.425062,108,100
3014,2684,100.45,0.55,99999,39.807279,108,100
3015,2684,100.483333,0.55,99999,40.279354,108,100
3016,2684,100.516667,0.55,99999,40.829203,108,100
3017,2684,100.55,0.55,99999,41.410945,108,100
3018,2684,100.583333,0.55,99999,41.953103,108,100
2974,2683,99.116667,0.583333,26,23.170622,108,100
2975,2683,99.15,0.583333,25,22.326352,108,100
2976,2683,99.183333,0.583333,24,21.612578,108,100
2977,2683,99.216667,0.583333,23,21.0374,108,100
2978,2683,99.25,0.583333,22,20.587878,108,100
2979,2683,99.283333,0.583333,22,20.240787,108,100
2980,2683,99.316667,0.583333,21,20.055308,108,100
2981,2683,99.35,0.583333,21,20.083695,108,100
2982,2683,99.383333,0.583333,21,20.281865,108,100
2983,2683,99.416667,0.583333,21,20.657453,108,100
2984,2683,99.45,0.583333,22,21.280546,108,100
2985,2683,99.483333,0.583333,23,22.116184,108,100
2986,2683,99.516667,0.583333,24,23.088633,108,100
2987,2683,99.55,0.583333,25,24.158648,108,100
2988,2683,99.583333,0.583333,26,25.246789,108,100
2989,2683,99.616667,0.583333,27,26.258538,108,100
2990,2683,99.65,0.583333,28,27.114413,108,100
2991,2683,99.683333,0.583333,28,27.782909,108,100
2992,2683,99.716667,0.583333,27,28.35513,108,100
2993,2683,99.75,0.583333,27,29.064066,108,100
2994,2683,99.783333,0.583333,28,30.188265,108,100
2995,2683,99.816667,0.583333,30,31.81772,108,100
2996,2683,99.85,0.583333,33,33.730696,108,100
2997,2683,99.883333,0.583333,36,35.6125,108,100
2998,2683,99.916667,0.583333,39,37.270143,108,100
2999,2683,99.95,0.583333,40,38.618166,108,100
3000,2683,99.983333,0.583333,42,39.626171,108,100
3001,2683,100.016667,0.583333,99999,40.315585,108,100
3002,2683,100.05,0.583333,99999,40.739694,108,100
3003,2683,100.083333,0.583333,99999,40.940826,108,100
3004,2683,100.116667,0.583333,99999,40.956144,108,100
3005,2683,100.15,0.583333,99999,40.812934,108,100
3006,2683,100.183333,0.583333,99999,40.529546,108,100
3007,2683,100.216667,0.583333,99999,40.133115,108,100
3008,2683,100.25,0.583333,99999,39.694863,108,100
3009,2683,100.283333,0.583333,99999,39.35149,108,100
3010,2683,100.316667,0.583333,99999,39.219352,108,100
3011,2683,100.35,0.583333,99999,39.285492,108,100
3012,2683,100.383333,0.583333,99999,39.453376,108,100
3013,2683,100.416667,0.583333,99999,39.670782,108,100
3014,2683,100.45,0.583333,99999,39.969112,108,100
3015,2683,100.483333,0.583333,99999,40.386916,108,100
3016,2683,100.516667,0.583333,99999,40.895081,108,100
3017,2683,100.55,0.583333,99999,41.436305,108,100
3018,2683,100.583333,0.583333,99999,41.947287,108,100
